,헤드라인
0,"LG전자 가전 세계 1위 등극, 월풀보다 3배 더 벌었다"
1,행복한 세상을 위해 필요한 곳 찾아가는 LG전자…보다 자유롭고 더 풍요로운 ...
2,월드클래스 LG… 월풀 제치고 생활가전 세계 1위
3,"'고속성장' 빌트인 정수기, 뜨거운 3파전"
4,"LG전자도 하반기 낙관…""OLED TV 출하 30% 늘 것"""
5,[이슈분석] LG전자 '가전의 힘'…하반기 성장 주력
6,코로나 뚫은 '가전의 힘'···LG전자 고공비행
7,가전으로 코로나19 이긴 LG전자..하반기 전망은 불확실(종합)
8,LG전자도 시장 전망 상회… 생활가전 美 월풀 제치고 세계 1위
9,‘시장 독점’ 지적에…미국 IT 빅4 “삼성·LG와 경쟁하는 애국 기업”
10,"""삼성·LG와 경쟁"" 애국 앞세운 美 'IT 빅4'"
11,"LG전자, ""프리미엄 수제맥주 맛보세요"""
12,"삼성·LG전자, 상반기 선방...하반기 반등 모색"
13,삼성전자 “스마트폰·가전 회복”…3분기부터 정상궤도 전망
14,"삼성전자, 코로나19 충격에도 2분기 독보적 실적 기록"
15,美 IT 빅4 '반독점 청문회'…기업인 망신주는 '정치쇼'는 없었다
16,‘구광모의 뉴LG’ 시총 100조 복귀… 더 뾰족해진 미래 먹거리 ‘삼지창’
17,러시아 공항에 68m LG 사이니지… 웅장하네
18,"LG전자, 모스크바 공항에 68m LED 사이니지 설치"
19,[프리미엄뷰]냉방-제습-공기청정을 한번에… 더위 잡는 ‘똑똑한 에어컨’
20,"""편의점 커피 회사까지 배달""…GS25, LG전자와 로봇 개발"
21,GS리테일-LG전자 `로봇배송` 맞손
22,"[포토] LG전자, 모스크바 공항에 LED 사이니지 대거 공급"
23,"LG전자, 모스크바 공항에 초대형 `LED 사이니지`"
24,LG전자-취약계층에 공기청정 특허기술 ‘전자식 마스크’ 기부
25,"中 콧대꺾은 LG화학, 상하이GM에 배터리 공급"
26,"LG전자, 환경보호 활동에 임직원 5만명 참여"
27,"[단독]LG가 독주한 프로젝터 시장, 삼성전자 9년만에 다시 뛰어든다"
28,"LG유플러스 “U+카카오내비, AR길안내 도입”"
29,"LG유플러스, 모바일 내비 최초 ‘AR 길 안내’ 도입"
30,스마트폰 내비에도 ‘증강현실’ 길 안내
31,"HS애드, 키네틱 미디어 아트 '스카이웨이브' 선보여"
32,"기술과 예술의 만남, 부산 명소가 되다"
33,[포토] 부산 `엑스 더 스카이` 첨단 사이니지
34,삼성·LG ‘집쿡대전’ …‘전기레인지 시장’ 가열
35,"LG전자, 러시아 국제공항에 상업용 디스플레이 대거 공급"
36,"LG전자, 모스크바 공항에 LED 사이니지 대거 공급"
37,"LG전자, 모스크바 공항 곳곳 LED 사이니지 설치"
38,모스크바 공항의 대형 LG전자 사이니지
39,세계 최대 가전쇼도 53년만에 '언택트'… 고민 깊은 삼성·LG [CES 사상 첫 온...
40,코로나19에 세계 3대 IT전자 전시회도 도미노 취소…글로벌 기업 마케팅 전략...
41,세계 최대 가전·IT 전시회 'CES 2021' 사상 첫 온라인 개최
42,"""5G 고객은 무료"" LGU+카카오내비, AR길안내 서비스 출시"
43,"U+카카오내비, 5G 'AR 길안내' 기능 도입"
44,"GS25, 드론 배송 이어 LG전자와 손잡고 AI 로봇 배송 나서"
45,"""AI로봇이 편의점 배송을"" GS25 연내 도입"
46,편의점 배달도 로봇이…GS25 ‘AI로봇 배송’ 스타트
47,"“편의점 상품, 자율주행 로봇이 배달합니다”"
48,"하늘엔 '드론', 땅엔 '로봇'···편의점 배송 첨단화 어디까지"
49,내년 CES 온라인으로…고민 빠진 전자업계
50,"LG 10만원대 가성비폰 8월 초 출시, 인도서 점유율 높인다"
51,"LG 벨벳 , 제품 영상 1000만·디자인 영상 1000만 돌파"
52,"""'원LG' 효과로 스마트 팩토리 생태계 확장하겠다."""
53,"LG, AI·빅데이터 활용해 2차 협력사까지 생산자동화"
54,"'포스트 코로나' 대비… 대기업, 중기 기술경쟁력 키운다"
55,상시채용으로 바꾼 LG전자… 올해 첫 대졸 신입사원 채용
56,"[데이터 뉴스]청소기 선호도, LG전자 vs 다이슨 양강 구도"
57,“1분 만에 매진”…LG 48인치 OLED TV 완판 행진
58,"대만서도 영국서도 '엄지척'···韓 의류관리기, 글로벌 시장서 파죽지세"
59,의류 관리기 ‘LG 스타일러’ 중·러 등서 판매량 50% 증가
60,"[경제 브리핑] LG전자, 올해 첫 대졸 신입사원 채용"
61,"삼성전자 주가 미지근한 이유, 외인-동학개미 치열한 공수교대"
62,"정기 공채 폐지한 LG, 영업 신입사원 뽑는다"
63,"상시채용 전환 LG전자, 올해 첫 신입사원 모집"
64,코로나 장기화로 해외 프로젝트 지연..울상 짓는 전자 업계
65,삼성·LG 진출 막기에만 용쓰더니… 美가전업체 월풀의 몰락
66,LG전자 스팀가전 해외서도 `불티`
67,바이러스 잡는 LG스타일러 해외서도 불티
68,"LG화학, LG전자 美전기차 부품 법인 인수 추진"
69,LG ‘스타일러’ 해외서 빅히트
70,LG전자 ‘스타일러’ 해외서 판매 급증
71,"LG 스타일러, 해외 판매 50% 급증"
72,[사설]대책 필요한 가전사기 판매
73,충전케이스에 넣으면 자외선 살균… 무선이어폰 안심하고 쓰세요
74,"LG전자, 코로나에도 선방… 월풀 제치고 가전1위 예약"
75,"LG전자, 생활가전 매출 세계 1위 ‘예약’"
76,"LG, 상반기 글로벌 생활가전 매출 또 1위 확실"
77,전기세 줄이며 환경 보호… ‘착한 가전’ 여기 있네
78,"한화건설, 포레나에 AI·IoT기술 적용"
79,"LG 74건·삼성 46건·현대차 32건 소송 시달려…""비즈니스 집중 못해"""
80,"산학연 AI원팀 ""30개 혁신과제 함께 풀자"""
81,"LG전자 ""캠핑장에서 주방가전 사용해보세요"""
82,캠핑장에서 인덕션·식기세척기를?…LG가전 이색 체험 [포토뉴스]
83,"""주방가전 체험해보세요"""
84,"월풀 제친 LG전자, 글로벌 가전 매출 1위"
85,"가전은 역시···LG전자, 2년 연속 상반기 실적 '월드 No.1'"
86,"LG전자, 상반기 가전 세계 1위"
87,"[Tech&]슬기로운 스팀 생활, 삶의 질이 다르다"
88,70인치 대세인 국내에…48인치 OLED TV 선보인 LG
89,"“올레드 화면으로 게임 즐겨요” LG전자, 48인치 올레드 TV 국내 첫 선"
90,"LG, 생생한 화면 ‘48인치 OLED TV’ 국내도 출시"
91,"[포토] LG전자, 48형 올레드TV 예약판매"
92,"LG전자, 48형 올레드 TV 국내 출시…중형 프리미엄 시장 공략"
93,"가로로, 세로로, 펼쳐서…스마트폰 '폼팩터 전쟁' 후끈"
94,[이코노 브리핑] LG전자 서비스 엔지니어 역량 강화 외
95,"""코로나 충격 컸다""…기업 3곳 중 2곳 실적 악화"
96,"GS건설, 모델하우스에 AI 안내원 ‘자이봇’ 도입"
97,모델하우스에 AI로봇 안내원
98,< Leadership 클래스 >영웅이 불가능한 시대…‘뉴 노멀 리더’는 리더를 만드...
99,"""지하철역 스마트팜서 땄어요""…채소가 좋아진 도시 아이들"
100,[포토] '2020 사회공헌기업대상' 시상식
101,알펜루트 채권펀드 또 환매 연기
102,"MWC 2020 취소, IFA 축소 이어… CES도 두손 들었다"
103,[커머스 핫라인]코로나에 무더위까지…'냉동고'가 필요한 시기
104,코스피 3000포인트 가면 부동산 투자 안한다
105,하이투자證 영업익 87% 급증
106,[포토] GS모델하우스에 등장한 안내 로봇
107,"GS건설, 견본주택에 AI로봇 안내원 업계 첫 도입"
108,"""기술탈취 막으려면 대기업 특허 투자 늘려야"""
109,[스마트제조 2.0]스마트공장 고도화 이끌 DNA 강소기업
110,"""태양광 5억개 설치""… 美대선으로 빛 보는 한화 `뚝심`"
111,"포스트 코로나 시대 멀어진 거리, ‘비대면 동행’ 나선 기업들"
112,"'3000억 혈맹' SKT·카카오 ""협업 쉽지 않네"""
113,신뢰가 가장 큰 원동력… 팹리스 선도기업으로 도약
114,[안현실 칼럼] 'K' 남발이 국익에 도움되는가
115,‘2020 한국의 소비자대상’ 시상식
116,[오늘의 CEO]민성태 솔루게이트 대표 “올해 시리즈B 진행...내년 본격 해외 ...
117,"카페 로봇, 엘리베이터 타고 8층 회의실로 음료 배달 왔다"
118,"유창조 동국대 경영학과 교수 ""기업의 소명이 바뀌고 있다"""
119,"쇼핑으로 2분기 깜짝 실적 네이버 ""소상공인과 동반 성장"""
120,비대면에 `쇼핑·광고` 약진…네이버 최대매출
121,"1조3000억 순매수, 외국인이 돌아왔다"
122,"""더 생생하게"" 게이밍 노트북 大戰"
123,"기관, 깜짝실적주 정조준...""가장 적극 매수"""
124,"GS건설, 업계 첫 견본주택에 AI안내원 ‘자이봇’"
125,‘구원 투수’ 등판에도 LGD 6분기 연속 적자
126,때아닌 ‘대만산’ 노트북 역습! [IT선빵!]
127,하반기 TV 패널 출하량 반등…가격 상승은 제조사에 부담
128,"기업들 ""좋은 사회 만드는 게 지속가능한 성장의 밑거름"""
129,"전망대 ‘부산 엑스 더 스카이’에 HS애드, 디지털 미디어 아트 설치"
130,"극한 충돌 치닫는 미·중, 증시 발목 잡나… 속도 내는 코로나 백신 개발은 긍..."
131,"스트라드비전, 딥러닝 SW로 자율주행차 '성능 업'"
132,마곡 GS25에 가면 로봇이 배달한대요
133,"조승래 “자급제 5G 단말기, LTE 요금제 허용해야”..근본적 해결책일까"
134,"美 IT 빅4 CEO ""독과점 아냐… 우린 애국기업"""
