,words
0,휴
1,아이구
2,아이쿠
3,아이고
4,어
5,나
6,우리
7,저희
8,따라
9,의해
10,을
11,를
12,에
13,의
14,가
15,으로
16,로
17,에게
18,뿐이다
19,의거하여
20,근거하여
21,입각하여
22,기준으로
23,예하면
24,예를 들면
25,예를 들자면
26,저
27,소인
28,소생
29,지말고
30,하지마
31,하지마라
32,다른
33,물론
34,또한
35,그리고
36,비길 수 없다
37,해서는 안된다
38,뿐만 아니라
39,만이 아니다
40,만은 아니다
41,막론하고
42,관계없이
43,그치지 않다
44,그러나
45,그런데
46,하지만
47,든간에
48,논하지 않다
49,따지지 않다
50,설사
51,비록
52,더라도
53,아니면
54,만 못하다
55,하는 편이 낫다
56,불문하고
57,향하여
58,향해서
59,향하다
60,쪽으로
61,틈타
62,이용하여
63,타다
64,오르다
65,제외하고
66,이 외에
67,이 밖에
68,하여야
69,비로소
70,한다면 몰라도
71,외에도
72,이곳
73,여기
74,부터
75,기점으로
76,따라서
77,할 생각이다
78,하려고하다
79,이리하여
80,그리하여
81,그렇게 함으로써
82,일때
83,할때
84,앞에서
85,중에서
86,보는데서
87,으로써
88,로써
89,까지
90,해야한다
91,일것이다
92,반드시
93,할줄알다
94,할수있다
95,할수있어
96,임에 틀림없다
97,한다면
98,등
99,등등
100,제
101,겨우
102,단지
103,다만
104,할뿐
105,딩동
106,댕그
107,대해서
108,대하여
109,대하면
110,훨씬
111,얼마나
112,얼마만큼
113,얼마큼
114,남짓
115,여
116,얼마간
117,약간
118,다소
119,좀
120,조금
121,다수
122,몇
123,얼마
124,지만
125,하물며
126,그렇지만
127,이외에도
128,대해 말하자면
129,다음에
130,반대로
131,반대로 말하자면
132,이와 반대로
133,바꾸어서 말하면
134,바꾸어서 한다면
135,만약
136,그렇지않으면
137,까악
138,툭
139,딱
140,삐걱거리다
141,보드득
142,비걱거리다
143,꽈당
144,응당
145,에 가서
146,각
147,각각
148,여러분
149,각종
150,각자
151,제각기
152,하도록하다
153,와
154,과
155,그러므로
156,그래서
157,고로
158,한 까닭에
159,하기 때문에
160,거니와
161,이지만
162,관하여
163,관한
164,과연
165,실로
166,아니나다를까
167,생각한대로
168,진짜로
169,한적이있다
170,하곤하였다
171,하
172,하하
173,허허
174,아하
175,거바
176,오
177,왜
178,어째서
179,무엇때문에
180,어찌
181,하겠는가
182,무슨
183,어디
184,어느곳
185,더군다나
186,더욱이는
187,어느때
188,언제
189,야
190,이봐
191,어이
192,여보시오
193,흐흐
194,흥
195,헉헉
196,헐떡헐떡
197,영차
198,여차
199,어기여차
200,끙끙
201,아야
202,앗
203,콸콸
204,졸졸
205,좍좍
206,뚝뚝
207,주룩주룩
208,솨
209,우르르
210,그래도
211,또
212,바꾸어말하면
213,바꾸어말하자면
214,혹은
215,혹시
216,답다
217,및
218,그에 따르는
219,때가 되어
220,즉
221,지든지
222,설령
223,가령
224,하더라도
225,할지라도
226,일지라도
227,거의
228,하마터면
229,인젠
230,이젠
231,된바에야
232,된이상
233,만큼
234,어찌됐든
235,어찌되었든
236,그위에
237,게다가
238,점에서 보아
239,비추어 보아
240,고려하면
241,하게될것이다
242,비교적
243,보다더
244,비하면
245,시키다
246,하게하다
247,할만하다
248,의해서
249,연이서
250,이어서
251,잇따라
252,뒤따라
253,뒤이어
254,결국
255,의지하여
256,기대여
257,통하여
258,자마자
259,더욱더
260,불구하고
261,얼마든지
262,마음대로
263,주저하지 않고
264,곧
265,즉시
266,바로
267,당장
268,하자마자
269,밖에 안된다
270,하면된다
271,그래
272,그렇지
273,요컨대
274,다시 말하자면
275,바꿔 말하면
276,구체적으로
277,말하자면
278,시작하여
279,시초에
280,이상
281,허
282,헉
283,허걱
284,바와같이
285,해도좋다
286,해도된다
287,더구나
288,와르르
289,팍
290,퍽
291,펄렁
292,동안
293,이래
294,하고있었다
295,이었다
296,에서
297,로부터
298,했어요
299,해요
300,함께
301,같이
302,더불어
303,마저
304,마저도
305,양자
306,모두
307,습니다
308,가까스로
309,즈음하여
310,다른 방면으로
311,해봐요
312,습니까
313,말할것도 없고
314,무릎쓰고
315,개의치않고
316,하는것만 못하다
317,하는것이 낫다
318,매
319,매번
320,들
321,모
322,어느것
323,어느
324,갖고말하자면
325,어느쪽
326,어느해
327,어느 년도
328,라 해도
329,언젠가
330,어떤것
331,저기
332,저쪽
333,저것
334,그때
335,그럼
336,그러면
337,요만한걸
338,저것만큼
339,그저
340,이르기까지
341,할 줄 안다
342,할 힘이 있다
343,너
344,너희
345,당신
346,설마
347,차라리
348,할지언정
349,할망정
350,구토하다
351,게우다
352,토하다
353,메쓰겁다
354,옆사람
355,퉤
356,쳇
357,힘입어
358,그
359,다음
360,버금
361,두번째로
362,기타
363,첫번째로
364,나머지는
365,그중에서
366,견지에서
367,형식으로 쓰여
368,입장에서
369,위해서
370,의해되다
371,하도록시키다
372,뿐만아니라
373,전후
374,전자
375,앞의것
376,잠시
377,잠깐
378,하면서
379,그러한즉
380,그런즉
381,남들
382,아무거나
383,어찌하든지
384,같다
385,비슷하다
386,예컨대
387,이럴정도로
388,어떻게
389,만일
390,위에서 서술한 바와 같이
391,인 듯하다
392,하지 않는다면
393,만약에
394,무엇
395,어떤
396,아래윗
397,조차
398,한데
399,그럼에도 불구하고
400,여전히
401,심지어
402,까지도
403,조차도
404,하지 않도록
405,않기 위하여
406,때
407,시각
408,무렵
409,시간
410,어때
411,어떠한
412,하여금
413,네
414,예
415,우선
416,누구
417,누가 알겠는가
418,아무도
419,줄은 모른다
420,줄은 몰랐다
421,하는 김에
422,겸사겸사
423,하는바
424,그런 까닭에
425,한 이유는
426,그러니
427,그러니까
428,때문에
429,그들
430,너희들
431,타인
432,것
433,것들
434,위하여
435,공동으로
436,동시에
437,하기 위하여
438,어찌하여
439,붕붕
440,윙윙
441,엉엉
442,휘익
443,오호
444,어쨋든
445,하기보다는
446,놀라다
447,상대적으로 말하자면
448,마치
449,아니라면
450,쉿
451,그렇지 않으면
452,그렇지 않다면
453,안 그러면
454,아니었다면
455,하든지
456,이라면
457,좋아
458,알았어
459,하는것도
460,그만이다
461,어쩔수 없다
462,하나
463,일
464,일반적으로
465,일단
466,한켠으로는
467,오자마자
468,이렇게 되면
469,이와 같다면
470,전부
471,한마디
472,한항목
473,근거로
474,하기에
475,아울러
476,않기 위해서
477,이 되다
478,로 인하여
479,까닭으로
480,이유만으로
481,이로 인하여
482,이 때문에
483,알 수 있다
484,결론을 낼 수 있다
485,으로 인하여
486,있다
487,관계가 있다
488,관련이 있다
489,연관되다
490,어떤것들
491,에 대해
492,여부
493,하느니
494,하면 할수록
495,운운
496,이러이러하다
497,하구나
498,하도다
499,다시 말하면
500,다음으로
501,에 있다
502,에 달려 있다
503,우리들
504,오히려
505,하기는한데
506,어떻해
507,어찌됐어
508,본대로
509,자
510,이
511,이쪽
512,이것
513,이번
514,이렇게 말하자면
515,이런
516,이러한
517,이와 같은
518,요만큼
519,요만한 것
520,얼마 안 되는 것
521,이만큼
522,이 정도의
523,이렇게 많은 것
524,이와 같다
525,이때
526,이렇구나
527,것과 같이
528,끼익
529,삐걱
530,따위
531,와 같은 사람들
532,부류의 사람들
533,왜냐하면
534,중의하나
535,오직
536,오로지
537,에 한하다
538,하기만 하면
539,도착하다
540,까지 미치다
541,도달하다
542,정도에 이르다
543,할 지경이다
544,결과에 이르다
545,관해서는
546,하고 있다
547,한 후
548,혼자
549,자기
550,자기집
551,자신
552,종합한 것과 같이
553,총적으로 보면
554,총적으로 말하면
555,총적으로
556,대로 하다
557,으로서
558,참
559,할 따름이다
560,쿵
561,탕탕
562,쾅쾅
563,둥둥
564,봐
565,봐라
566,아이야
567,아니
568,와아
569,응
570,아이
571,참나
572,년
573,월
574,령
575,영
576,삼
577,사
578,육
579,륙
580,칠
581,팔
582,구
583,이천육
584,이천칠
585,이천팔
586,이천구
587,둘
588,셋
589,넷
590,다섯
591,여섯
592,일곱
593,여덟
594,아홉
595,아
